"rate_marriage","age","yrs_married","children","religious","educ","occupation","occupation_husb","affairs"
3,32,9,3,3,17,2,5,0.1111111
3,27,13,3,1,14,3,4,3.2307692
4,22,2.5,0,1,16,3,5,1.3999996
4,37,16.5,4,3,16,5,5,0.7272727
5,27,9,1,1,14,3,4,4.666666
4,27,9,0,2,14,3,4,4.666666
5,37,23,5.5,2,12,5,4,0.8521735
5,37,23,5.5,2,12,2,3,1.826086
3,22,2.5,0,2,12,3,3,4.7999992